wr_id	title	filename	local_path	size_bytes	detail_url	file_url
236	수원화성 팔달위 깃발	SM_Flag_Wind_6.fbx	Assets/HanokBuilder/Resources/HanokAssets/CultureMetaverse/Props/ObjectDirectFBX/236_수원화성 팔달위 깃발/SM_Flag_Wind_6.fbx	48927424	https://www.culture.go.kr/datametaverse/bbs/board.php?bo_table=object&wr_id=236	https://www.culture.go.kr/datametaverse/data/file/object/SM_Flag_Wind_6.fbx
235	수원화성 팔달위 순시기	SM_Flag_Wind_5.fbx	Assets/HanokBuilder/Resources/HanokAssets/CultureMetaverse/Props/ObjectDirectFBX/235_수원화성 팔달위 순시기/SM_Flag_Wind_5.fbx	48853648	https://www.culture.go.kr/datametaverse/bbs/board.php?bo_table=object&wr_id=235	https://www.culture.go.kr/datametaverse/data/file/object/SM_Flag_Wind_5.fbx
234	수원화성 팔달위 영기	SM_Flag_Wind_4.fbx	Assets/HanokBuilder/Resources/HanokAssets/CultureMetaverse/Props/ObjectDirectFBX/234_수원화성 팔달위 영기/SM_Flag_Wind_4.fbx	48687744	https://www.culture.go.kr/datametaverse/bbs/board.php?bo_table=object&wr_id=234	https://www.culture.go.kr/datametaverse/data/file/object/SM_Flag_Wind_4.fbx
233	수원화성 장안위 깃발	SM_Flag_Wind_3.fbx	Assets/HanokBuilder/Resources/HanokAssets/CultureMetaverse/Props/ObjectDirectFBX/233_수원화성 장안위 깃발/SM_Flag_Wind_3.fbx	42232016	https://www.culture.go.kr/datametaverse/bbs/board.php?bo_table=object&wr_id=233	https://www.culture.go.kr/datametaverse/data/file/object/SM_Flag_Wind_3.fbx
232	수원화성 장안위 순시기	SM_Flag_Wind_2.fbx	Assets/HanokBuilder/Resources/HanokAssets/CultureMetaverse/Props/ObjectDirectFBX/232_수원화성 장안위 순시기/SM_Flag_Wind_2.fbx	42576448	https://www.culture.go.kr/datametaverse/bbs/board.php?bo_table=object&wr_id=232	https://www.culture.go.kr/datametaverse/data/file/object/SM_Flag_Wind_2.fbx
231	수원화성 장안위 영기	SM_Flag_Wind_1.fbx	Assets/HanokBuilder/Resources/HanokAssets/CultureMetaverse/Props/ObjectDirectFBX/231_수원화성 장안위 영기/SM_Flag_Wind_1.fbx	42292544	https://www.culture.go.kr/datametaverse/bbs/board.php?bo_table=object&wr_id=231	https://www.culture.go.kr/datametaverse/data/file/object/SM_Flag_Wind_1.fbx
230	수원화성 홍이포_부품3	SM_CannonParts_003.fbx	Assets/HanokBuilder/Resources/HanokAssets/CultureMetaverse/Props/ObjectDirectFBX/230_수원화성 홍이포_부품3/SM_CannonParts_003.fbx	50084208	https://www.culture.go.kr/datametaverse/bbs/board.php?bo_table=object&wr_id=230	https://www.culture.go.kr/datametaverse/data/file/object/SM_CannonParts_003.fbx
229	수원화성 홍이포_부품2	SM_CannonParts_002.fbx	Assets/HanokBuilder/Resources/HanokAssets/CultureMetaverse/Props/ObjectDirectFBX/229_수원화성 홍이포_부품2/SM_CannonParts_002.fbx	50377360	https://www.culture.go.kr/datametaverse/bbs/board.php?bo_table=object&wr_id=229	https://www.culture.go.kr/datametaverse/data/file/object/SM_CannonParts_002.fbx
228	수원화성 홍이포_부품1	SM_CannonParts_001.fbx	Assets/HanokBuilder/Resources/HanokAssets/CultureMetaverse/Props/ObjectDirectFBX/228_수원화성 홍이포_부품1/SM_CannonParts_001.fbx	52119696	https://www.culture.go.kr/datametaverse/bbs/board.php?bo_table=object&wr_id=228	https://www.culture.go.kr/datametaverse/data/file/object/SM_CannonParts_001.fbx
227	수원화성 홍이포	SM_Cannon.fbx	Assets/HanokBuilder/Resources/HanokAssets/CultureMetaverse/Props/ObjectDirectFBX/227_수원화성 홍이포/SM_Cannon.fbx	53270464	https://www.culture.go.kr/datametaverse/bbs/board.php?bo_table=object&wr_id=227	https://www.culture.go.kr/datametaverse/data/file/object/SM_Cannon.fbx
226	창원의집 - 촛대	창원의집-촛대.fbx	Assets/HanokBuilder/Resources/HanokAssets/CultureMetaverse/Props/ObjectDirectFBX/226_창원의집 - 촛대/창원의집-촛대.fbx	14183532	https://www.culture.go.kr/datametaverse/bbs/board.php?bo_table=object&wr_id=226	https://www.culture.go.kr/datametaverse/data/file/object/창원의집-촛대.fbx
225	홍천 물걸리 석조여래좌상(보물)	09_홍천 물걸리 석조여래좌상(보물).fbx	Assets/HanokBuilder/Resources/HanokAssets/CultureMetaverse/Props/ObjectDirectFBX/225_홍천 물걸리 석조여래좌상(보물)/09_홍천 물걸리 석조여래좌상(보물).fbx	10199376	https://www.culture.go.kr/datametaverse/bbs/board.php?bo_table=object&wr_id=225	https://www.culture.go.kr/datametaverse/data/file/object/09_홍천 물걸리 석조여래좌상(보물).fbx
224	홍천 물걸리 삼층석탑(보물)	08_홍천 물걸리 삼층석탑(보물).fbx	Assets/HanokBuilder/Resources/HanokAssets/CultureMetaverse/Props/ObjectDirectFBX/224_홍천 물걸리 삼층석탑(보물)/08_홍천 물걸리 삼층석탑(보물).fbx	9337456	https://www.culture.go.kr/datametaverse/bbs/board.php?bo_table=object&wr_id=224	https://www.culture.go.kr/datametaverse/data/file/object/08_홍천 물걸리 삼층석탑(보물).fbx
223	홍천 물걸리 석조비로자나불좌상(보물)	07_홍천 물걸리 석조비로자나불좌상(보물).fbx	Assets/HanokBuilder/Resources/HanokAssets/CultureMetaverse/Props/ObjectDirectFBX/223_홍천 물걸리 석조비로자나불좌상(보물)/07_홍천 물걸리 석조비로자나불좌상(보물).fbx	10879856	https://www.culture.go.kr/datametaverse/bbs/board.php?bo_table=object&wr_id=223	https://www.culture.go.kr/datametaverse/data/file/object/07_홍천 물걸리 석조비로자나불좌상(보물).fbx
222	홍천 물걸리 석조대좌 및 광배(보물)	06_홍천 물걸리 석조대좌 및 광배(보물).fbx	Assets/HanokBuilder/Resources/HanokAssets/CultureMetaverse/Props/ObjectDirectFBX/222_홍천 물걸리 석조대좌 및 광배(보물)/06_홍천 물걸리 석조대좌 및 광배(보물).fbx	9449424	https://www.culture.go.kr/datametaverse/bbs/board.php?bo_table=object&wr_id=222	https://www.culture.go.kr/datametaverse/data/file/object/06_홍천 물걸리 석조대좌 및 광배(보물).fbx
221	홍천 물걸리 석조대좌(보물)	05_홍천 물걸리 석조대좌(보물).fbx	Assets/HanokBuilder/Resources/HanokAssets/CultureMetaverse/Props/ObjectDirectFBX/221_홍천 물걸리 석조대좌(보물)/05_홍천 물걸리 석조대좌(보물).fbx	10926608	https://www.culture.go.kr/datametaverse/bbs/board.php?bo_table=object&wr_id=221	https://www.culture.go.kr/datametaverse/data/file/object/05_홍천 물걸리 석조대좌(보물).fbx
220	홍천물걸리 광배편	04-9_홍천물걸리 광배편.fbx	Assets/HanokBuilder/Resources/HanokAssets/CultureMetaverse/Props/ObjectDirectFBX/220_홍천물걸리 광배편/04-9_홍천물걸리 광배편.fbx	7363328	https://www.culture.go.kr/datametaverse/bbs/board.php?bo_table=object&wr_id=220	https://www.culture.go.kr/datametaverse/data/file/object/04-9_홍천물걸리 광배편.fbx
219	홍천물걸리 대좌편 4(국립춘천박물관 소장)	04-8_홍천물걸리 대좌편 4(국립춘천박물관 소장).fbx	Assets/HanokBuilder/Resources/HanokAssets/CultureMetaverse/Props/ObjectDirectFBX/219_홍천물걸리 대좌편 4(국립춘천박물관 소장)/04-8_홍천물걸리 대좌편 4(국립춘천박물관 소장).fbx	7059776	https://www.culture.go.kr/datametaverse/bbs/board.php?bo_table=object&wr_id=219	https://www.culture.go.kr/datametaverse/data/file/object/04-8_홍천물걸리 대좌편 4(국립춘천박물관 소장).fbx
218	홍천물걸리 대좌편3	04-7_홍천물걸리 대좌편3.fbx	Assets/HanokBuilder/Resources/HanokAssets/CultureMetaverse/Props/ObjectDirectFBX/218_홍천물걸리 대좌편3/04-7_홍천물걸리 대좌편3.fbx	6502752	https://www.culture.go.kr/datametaverse/bbs/board.php?bo_table=object&wr_id=218	https://www.culture.go.kr/datametaverse/data/file/object/04-7_홍천물걸리 대좌편3.fbx
217	홍천물걸리 대좌편2	04-6_홍천물걸리 대좌편2.fbx	Assets/HanokBuilder/Resources/HanokAssets/CultureMetaverse/Props/ObjectDirectFBX/217_홍천물걸리 대좌편2/04-6_홍천물걸리 대좌편2.fbx	7023120	https://www.culture.go.kr/datametaverse/bbs/board.php?bo_table=object&wr_id=217	https://www.culture.go.kr/datametaverse/data/file/object/04-6_홍천물걸리 대좌편2.fbx
216	홍천물걸리 대좌편1	04-5_홍천물걸리 대좌편1.fbx	Assets/HanokBuilder/Resources/HanokAssets/CultureMetaverse/Props/ObjectDirectFBX/216_홍천물걸리 대좌편1/04-5_홍천물걸리 대좌편1.fbx	7678016	https://www.culture.go.kr/datametaverse/bbs/board.php?bo_table=object&wr_id=216	https://www.culture.go.kr/datametaverse/data/file/object/04-5_홍천물걸리 대좌편1.fbx
215	홍천 물걸리 석조대좌 및 광배	04-4_홍천 물걸리 석조대좌 및 광배.fbx	Assets/HanokBuilder/Resources/HanokAssets/CultureMetaverse/Props/ObjectDirectFBX/215_홍천 물걸리 석조대좌 및 광배/04-4_홍천 물걸리 석조대좌 및 광배.fbx	9084320	https://www.culture.go.kr/datametaverse/bbs/board.php?bo_table=object&wr_id=215	https://www.culture.go.kr/datametaverse/data/file/object/04-4_홍천 물걸리 석조대좌 및 광배.fbx
214	홍천물걸리 석조대좌(보 543)	04-3_홍천물걸리 석조대좌(보 543).fbx	Assets/HanokBuilder/Resources/HanokAssets/CultureMetaverse/Props/ObjectDirectFBX/214_홍천물걸리 석조대좌(보 543)/04-3_홍천물걸리 석조대좌(보 543).fbx	11238160	https://www.culture.go.kr/datametaverse/bbs/board.php?bo_table=object&wr_id=214	https://www.culture.go.kr/datametaverse/data/file/object/04-3_홍천물걸리 석조대좌(보 543).fbx
213	홍천물걸리 석조비로자나불좌상(보 542)	04-2_홍천물걸리 석조비로자나불좌상(보 542).fbx	Assets/HanokBuilder/Resources/HanokAssets/CultureMetaverse/Props/ObjectDirectFBX/213_홍천물걸리 석조비로자나불좌상(보 542)/04-2_홍천물걸리 석조비로자나불좌상(보 542).fbx	11131664	https://www.culture.go.kr/datametaverse/bbs/board.php?bo_table=object&wr_id=213	https://www.culture.go.kr/datametaverse/data/file/object/04-2_홍천물걸리 석조비로자나불좌상(보 542).fbx
212	홍천물걸리 석조여래좌상(보 541)	04-1_홍천물걸리 석조여래좌상(보 541).fbx	Assets/HanokBuilder/Resources/HanokAssets/CultureMetaverse/Props/ObjectDirectFBX/212_홍천물걸리 석조여래좌상(보 541)/04-1_홍천물걸리 석조여래좌상(보 541).fbx	10437056	https://www.culture.go.kr/datametaverse/bbs/board.php?bo_table=object&wr_id=212	https://www.culture.go.kr/datametaverse/data/file/object/04-1_홍천물걸리 석조여래좌상(보 541).fbx
211	홍천 희망리 당간지주(보물)	03_홍천 희망리 당간지주(보물).fbx	Assets/HanokBuilder/Resources/HanokAssets/CultureMetaverse/Props/ObjectDirectFBX/211_홍천 희망리 당간지주(보물)/03_홍천 희망리 당간지주(보물).fbx	9617472	https://www.culture.go.kr/datametaverse/bbs/board.php?bo_table=object&wr_id=211	https://www.culture.go.kr/datametaverse/data/file/object/03_홍천 희망리 당간지주(보물).fbx
210	홍천 희망리 삼층석탑(보물)	02_홍천 희망리 삼층석탑(보물).fbx	Assets/HanokBuilder/Resources/HanokAssets/CultureMetaverse/Props/ObjectDirectFBX/210_홍천 희망리 삼층석탑(보물)/02_홍천 희망리 삼층석탑(보물).fbx	9340832	https://www.culture.go.kr/datametaverse/bbs/board.php?bo_table=object&wr_id=210	https://www.culture.go.kr/datametaverse/data/file/object/02_홍천 희망리 삼층석탑(보물).fbx
209	홍천 괘석리 사사자 삼층석탑(보물)	01_홍천 괘석리 사사자 삼층석탑(보물).fbx	Assets/HanokBuilder/Resources/HanokAssets/CultureMetaverse/Props/ObjectDirectFBX/209_홍천 괘석리 사사자 삼층석탑(보물)/01_홍천 괘석리 사사자 삼층석탑(보물).fbx	10365680	https://www.culture.go.kr/datametaverse/bbs/board.php?bo_table=object&wr_id=209	https://www.culture.go.kr/datametaverse/data/file/object/01_홍천 괘석리 사사자 삼층석탑(보물).fbx
208	어마요령	67_육군박물관_어마요령_063028.fbx	Assets/HanokBuilder/Resources/HanokAssets/CultureMetaverse/Props/ObjectDirectFBX/208_어마요령/67_육군박물관_어마요령_063028.fbx	2792624	https://www.culture.go.kr/datametaverse/bbs/board.php?bo_table=object&wr_id=208	https://www.culture.go.kr/datametaverse/data/file/object/67_육군박물관_어마요령_063028.fbx
207	청자마상배	64_육군박물관_청자마상배_063027.fbx	Assets/HanokBuilder/Resources/HanokAssets/CultureMetaverse/Props/ObjectDirectFBX/207_청자마상배/64_육군박물관_청자마상배_063027.fbx	2462320	https://www.culture.go.kr/datametaverse/bbs/board.php?bo_table=object&wr_id=207&page=2	https://www.culture.go.kr/datametaverse/data/file/object/64_육군박물관_청자마상배_063027.fbx
206	철제 용두 은도금 등자 4	62_육군박물관_철제 용두 은도금 등자_062018-2.fbx	Assets/HanokBuilder/Resources/HanokAssets/CultureMetaverse/Props/ObjectDirectFBX/206_철제 용두 은도금 등자 4/62_육군박물관_철제 용두 은도금 등자_062018-2.fbx	1916528	https://www.culture.go.kr/datametaverse/bbs/board.php?bo_table=object&wr_id=206&page=2	https://www.culture.go.kr/datametaverse/data/file/object/62_육군박물관_철제 용두 은도금 등자_062018-2.fbx
205	철제 용두 은도금 등자 3	62_육군박물관_철제 용두 은도금 등자_062018-1.fbx	Assets/HanokBuilder/Resources/HanokAssets/CultureMetaverse/Props/ObjectDirectFBX/205_철제 용두 은도금 등자 3/62_육군박물관_철제 용두 은도금 등자_062018-1.fbx	1958688	https://www.culture.go.kr/datametaverse/bbs/board.php?bo_table=object&wr_id=205&page=2	https://www.culture.go.kr/datametaverse/data/file/object/62_육군박물관_철제 용두 은도금 등자_062018-1.fbx
204	철제 용두 은도금 등자 2	61_육군박물관_철제 용두 은도금 등자_062018-2.fbx	Assets/HanokBuilder/Resources/HanokAssets/CultureMetaverse/Props/ObjectDirectFBX/204_철제 용두 은도금 등자 2/61_육군박물관_철제 용두 은도금 등자_062018-2.fbx	3462784	https://www.culture.go.kr/datametaverse/bbs/board.php?bo_table=object&wr_id=204&page=2	https://www.culture.go.kr/datametaverse/data/file/object/61_육군박물관_철제 용두 은도금 등자_062018-2.fbx
203	철제 용두 은도금 등자 1	61_육군박물관_철제 용두 은도금 등자_062018-1.fbx	Assets/HanokBuilder/Resources/HanokAssets/CultureMetaverse/Props/ObjectDirectFBX/203_철제 용두 은도금 등자 1/61_육군박물관_철제 용두 은도금 등자_062018-1.fbx	3034032	https://www.culture.go.kr/datametaverse/bbs/board.php?bo_table=object&wr_id=203&page=2	https://www.culture.go.kr/datametaverse/data/file/object/61_육군박물관_철제 용두 은도금 등자_062018-1.fbx
202	은도금 용여의주 등자 2	61_육군박물관_은도금 용여의주 등자_062012-2.fbx	Assets/HanokBuilder/Resources/HanokAssets/CultureMetaverse/Props/ObjectDirectFBX/202_은도금 용여의주 등자 2/61_육군박물관_은도금 용여의주 등자_062012-2.fbx	2533040	https://www.culture.go.kr/datametaverse/bbs/board.php?bo_table=object&wr_id=202&page=2	https://www.culture.go.kr/datametaverse/data/file/object/61_육군박물관_은도금 용여의주 등자_062012-2.fbx
201	은도금 용여의주 등자 1	61_육군박물관_은도금 용여의주 등자_062012-1.fbx	Assets/HanokBuilder/Resources/HanokAssets/CultureMetaverse/Props/ObjectDirectFBX/201_은도금 용여의주 등자 1/61_육군박물관_은도금 용여의주 등자_062012-1.fbx	2543296	https://www.culture.go.kr/datametaverse/bbs/board.php?bo_table=object&wr_id=201&page=2	https://www.culture.go.kr/datametaverse/data/file/object/61_육군박물관_은도금 용여의주 등자_062012-1.fbx
200	숫깍지	55_육군박물관_숫깍지_054003.fbx	Assets/HanokBuilder/Resources/HanokAssets/CultureMetaverse/Props/ObjectDirectFBX/200_숫깍지/55_육군박물관_숫깍지_054003.fbx	2027200	https://www.culture.go.kr/datametaverse/bbs/board.php?bo_table=object&wr_id=200&page=2	https://www.culture.go.kr/datametaverse/data/file/object/55_육군박물관_숫깍지_054003.fbx
199	오각재촉돌이	53_육군박물관_오각재촉돌이_054007.fbx	Assets/HanokBuilder/Resources/HanokAssets/CultureMetaverse/Props/ObjectDirectFBX/199_오각재촉돌이/53_육군박물관_오각재촉돌이_054007.fbx	2655904	https://www.culture.go.kr/datametaverse/bbs/board.php?bo_table=object&wr_id=199&page=2	https://www.culture.go.kr/datametaverse/data/file/object/53_육군박물관_오각재촉돌이_054007.fbx
198	촉돌이	52_육군박물관_촉돌이_054010.fbx	Assets/HanokBuilder/Resources/HanokAssets/CultureMetaverse/Props/ObjectDirectFBX/198_촉돌이/52_육군박물관_촉돌이_054010.fbx	2373520	https://www.culture.go.kr/datametaverse/bbs/board.php?bo_table=object&wr_id=198&page=2	https://www.culture.go.kr/datametaverse/data/file/object/52_육군박물관_촉돌이_054010.fbx
197	호미각궁 2	49_육군박물관_호미각궁_000000-2.fbx	Assets/HanokBuilder/Resources/HanokAssets/CultureMetaverse/Props/ObjectDirectFBX/197_호미각궁 2/49_육군박물관_호미각궁_000000-2.fbx	2518144	https://www.culture.go.kr/datametaverse/bbs/board.php?bo_table=object&wr_id=197&page=2	https://www.culture.go.kr/datametaverse/data/file/object/49_육군박물관_호미각궁_000000-2.fbx
196	호미각궁 1	49_육군박물관_호미각궁_000000-1.fbx	Assets/HanokBuilder/Resources/HanokAssets/CultureMetaverse/Props/ObjectDirectFBX/196_호미각궁 1/49_육군박물관_호미각궁_000000-1.fbx	2668416	https://www.culture.go.kr/datametaverse/bbs/board.php?bo_table=object&wr_id=196&page=2	https://www.culture.go.kr/datametaverse/data/file/object/49_육군박물관_호미각궁_000000-1.fbx
195	흑각궁,윤동신각궁	48_육군박물관_흑각궁,윤동신각궁_052010.fbx	Assets/HanokBuilder/Resources/HanokAssets/CultureMetaverse/Props/ObjectDirectFBX/195_흑각궁,윤동신각궁/48_육군박물관_흑각궁,윤동신각궁_052010.fbx	2195856	https://www.culture.go.kr/datametaverse/bbs/board.php?bo_table=object&wr_id=195&page=2	https://www.culture.go.kr/datametaverse/data/file/object/48_육군박물관_흑각궁,윤동신각궁_052010.fbx
194	전통	47_육군박물관_전통_051033.fbx	Assets/HanokBuilder/Resources/HanokAssets/CultureMetaverse/Props/ObjectDirectFBX/194_전통/47_육군박물관_전통_051033.fbx	3781632	https://www.culture.go.kr/datametaverse/bbs/board.php?bo_table=object&wr_id=194&page=2	https://www.culture.go.kr/datametaverse/data/file/object/47_육군박물관_전통_051033.fbx
193	전통,용두형전통(용머리모양)	46_육군박물관_전통,용두형전통(용머리모양)_051018.fbx	Assets/HanokBuilder/Resources/HanokAssets/CultureMetaverse/Props/ObjectDirectFBX/193_전통,용두형전통(용머리모양)/46_육군박물관_전통,용두형전통(용머리모양)_051018.fbx	4126688	https://www.culture.go.kr/datametaverse/bbs/board.php?bo_table=object&wr_id=193&page=2	https://www.culture.go.kr/datametaverse/data/file/object/46_육군박물관_전통,용두형전통(용머리모양)_051018.fbx
192	띠돈	43_육군박물관_띠돈_043029.fbx	Assets/HanokBuilder/Resources/HanokAssets/CultureMetaverse/Props/ObjectDirectFBX/192_띠돈/43_육군박물관_띠돈_043029.fbx	3895136	https://www.culture.go.kr/datametaverse/bbs/board.php?bo_table=object&wr_id=192&page=2	https://www.culture.go.kr/datametaverse/data/file/object/43_육군박물관_띠돈_043029.fbx
191	차폭	33_육군박물관_차폭_072014.fbx	Assets/HanokBuilder/Resources/HanokAssets/CultureMetaverse/Props/ObjectDirectFBX/191_차폭/33_육군박물관_차폭_072014.fbx	3231696	https://www.culture.go.kr/datametaverse/bbs/board.php?bo_table=object&wr_id=191&page=2	https://www.culture.go.kr/datametaverse/data/file/object/33_육군박물관_차폭_072014.fbx
190	편곤	31_육군박물관_편곤_072002.fbx	Assets/HanokBuilder/Resources/HanokAssets/CultureMetaverse/Props/ObjectDirectFBX/190_편곤/31_육군박물관_편곤_072002.fbx	4551008	https://www.culture.go.kr/datametaverse/bbs/board.php?bo_table=object&wr_id=190&page=2	https://www.culture.go.kr/datametaverse/data/file/object/31_육군박물관_편곤_072002.fbx
189	호신검(대원군진장명 호신도) 2	28_육군박물관_호신검(대원군진장명 호신도)_034028-2.fbx	Assets/HanokBuilder/Resources/HanokAssets/CultureMetaverse/Props/ObjectDirectFBX/189_호신검(대원군진장명 호신도) 2/28_육군박물관_호신검(대원군진장명 호신도)_034028-2.fbx	2885184	https://www.culture.go.kr/datametaverse/bbs/board.php?bo_table=object&wr_id=189&page=2	https://www.culture.go.kr/datametaverse/data/file/object/28_육군박물관_호신검(대원군진장명 호신도)_034028-2.fbx
188	호신검(대원군진장명 호신도) 1	28_육군박물관_호신검(대원군진장명 호신도)_034028-1.fbx	Assets/HanokBuilder/Resources/HanokAssets/CultureMetaverse/Props/ObjectDirectFBX/188_호신검(대원군진장명 호신도) 1/28_육군박물관_호신검(대원군진장명 호신도)_034028-1.fbx	2614816	https://www.culture.go.kr/datametaverse/bbs/board.php?bo_table=object&wr_id=188&page=2	https://www.culture.go.kr/datametaverse/data/file/object/28_육군박물관_호신검(대원군진장명 호신도)_034028-1.fbx
187	조총탄대(오구)	21_육군박물관_조총탄대(오구)_021003.fbx	Assets/HanokBuilder/Resources/HanokAssets/CultureMetaverse/Props/ObjectDirectFBX/187_조총탄대(오구)/21_육군박물관_조총탄대(오구)_021003.fbx	18320640	https://www.culture.go.kr/datametaverse/bbs/board.php?bo_table=object&wr_id=187&page=2	https://www.culture.go.kr/datametaverse/data/file/object/21_육군박물관_조총탄대(오구)_021003.fbx
186	목각제화약통	20_육군박물관_목각제화약통_021008.fbx	Assets/HanokBuilder/Resources/HanokAssets/CultureMetaverse/Props/ObjectDirectFBX/186_목각제화약통/20_육군박물관_목각제화약통_021008.fbx	3299872	https://www.culture.go.kr/datametaverse/bbs/board.php?bo_table=object&wr_id=186&page=2	https://www.culture.go.kr/datametaverse/data/file/object/20_육군박물관_목각제화약통_021008.fbx
185	화약통	19_육군박물관_화약통_021001.fbx	Assets/HanokBuilder/Resources/HanokAssets/CultureMetaverse/Props/ObjectDirectFBX/185_화약통/19_육군박물관_화약통_021001.fbx	3538096	https://www.culture.go.kr/datametaverse/bbs/board.php?bo_table=object&wr_id=185&page=2	https://www.culture.go.kr/datametaverse/data/file/object/19_육군박물관_화약통_021001.fbx
184	불랑기자포	15_육군박물관_불랑기자포_012035.fbx	Assets/HanokBuilder/Resources/HanokAssets/CultureMetaverse/Props/ObjectDirectFBX/184_불랑기자포/15_육군박물관_불랑기자포_012035.fbx	2869936	https://www.culture.go.kr/datametaverse/bbs/board.php?bo_table=object&wr_id=184&page=2	https://www.culture.go.kr/datametaverse/data/file/object/15_육군박물관_불랑기자포_012035.fbx
183	쌍열식권총	14_육군박물관_쌍열식권총_011071.fbx	Assets/HanokBuilder/Resources/HanokAssets/CultureMetaverse/Props/ObjectDirectFBX/183_쌍열식권총/14_육군박물관_쌍열식권총_011071.fbx	3570464	https://www.culture.go.kr/datametaverse/bbs/board.php?bo_table=object&wr_id=183&page=2	https://www.culture.go.kr/datametaverse/data/file/object/14_육군박물관_쌍열식권총_011071.fbx
182	현자총통	13_육군박물관_현자총통_012006.fbx	Assets/HanokBuilder/Resources/HanokAssets/CultureMetaverse/Props/ObjectDirectFBX/182_현자총통/13_육군박물관_현자총통_012006.fbx	3430752	https://www.culture.go.kr/datametaverse/bbs/board.php?bo_table=object&wr_id=182&page=2	https://www.culture.go.kr/datametaverse/data/file/object/13_육군박물관_현자총통_012006.fbx
181	삼원삼안총	12_육군박물관_삼원삼안총_011063.fbx	Assets/HanokBuilder/Resources/HanokAssets/CultureMetaverse/Props/ObjectDirectFBX/181_삼원삼안총/12_육군박물관_삼원삼안총_011063.fbx	4085120	https://www.culture.go.kr/datametaverse/bbs/board.php?bo_table=object&wr_id=181&page=2	https://www.culture.go.kr/datametaverse/data/file/object/12_육군박물관_삼원삼안총_011063.fbx
180	별승자총통	11_육군박물관_별승자총통_011062.fbx	Assets/HanokBuilder/Resources/HanokAssets/CultureMetaverse/Props/ObjectDirectFBX/180_별승자총통/11_육군박물관_별승자총통_011062.fbx	4735840	https://www.culture.go.kr/datametaverse/bbs/board.php?bo_table=object&wr_id=180&page=2	https://www.culture.go.kr/datametaverse/data/file/object/11_육군박물관_별승자총통_011062.fbx
179	쌍승자총통	10_육군박물관_쌍승자총통_011057.fbx	Assets/HanokBuilder/Resources/HanokAssets/CultureMetaverse/Props/ObjectDirectFBX/179_쌍승자총통/10_육군박물관_쌍승자총통_011057.fbx	3279184	https://www.culture.go.kr/datametaverse/bbs/board.php?bo_table=object&wr_id=179&page=2	https://www.culture.go.kr/datametaverse/data/file/object/10_육군박물관_쌍승자총통_011057.fbx
178	사전총통	09_육군박물관_사전총통_011056.fbx	Assets/HanokBuilder/Resources/HanokAssets/CultureMetaverse/Props/ObjectDirectFBX/178_사전총통/09_육군박물관_사전총통_011056.fbx	3080832	https://www.culture.go.kr/datametaverse/bbs/board.php?bo_table=object&wr_id=178&page=2	https://www.culture.go.kr/datametaverse/data/file/object/09_육군박물관_사전총통_011056.fbx
177	화희발사기	08_육군박물관_화희발사기_011055.fbx	Assets/HanokBuilder/Resources/HanokAssets/CultureMetaverse/Props/ObjectDirectFBX/177_화희발사기/08_육군박물관_화희발사기_011055.fbx	3491808	https://www.culture.go.kr/datametaverse/bbs/board.php?bo_table=object&wr_id=177&page=2	https://www.culture.go.kr/datametaverse/data/file/object/08_육군박물관_화희발사기_011055.fbx
176	삼총통	07_육군박물관_삼총통_011028.fbx	Assets/HanokBuilder/Resources/HanokAssets/CultureMetaverse/Props/ObjectDirectFBX/176_삼총통/07_육군박물관_삼총통_011028.fbx	3451536	https://www.culture.go.kr/datametaverse/bbs/board.php?bo_table=object&wr_id=176&page=2	https://www.culture.go.kr/datametaverse/data/file/object/07_육군박물관_삼총통_011028.fbx
175	승자총통	06_육군박물관_승자총통_011040.fbx	Assets/HanokBuilder/Resources/HanokAssets/CultureMetaverse/Props/ObjectDirectFBX/175_승자총통/06_육군박물관_승자총통_011040.fbx	3031824	https://www.culture.go.kr/datametaverse/bbs/board.php?bo_table=object&wr_id=175&page=2	https://www.culture.go.kr/datametaverse/data/file/object/06_육군박물관_승자총통_011040.fbx
174	소승자총통 2	05_육군박물관_소승자총통_011019.fbx	Assets/HanokBuilder/Resources/HanokAssets/CultureMetaverse/Props/ObjectDirectFBX/174_소승자총통 2/05_육군박물관_소승자총통_011019.fbx	3118672	https://www.culture.go.kr/datametaverse/bbs/board.php?bo_table=object&wr_id=174&page=2	https://www.culture.go.kr/datametaverse/data/file/object/05_육군박물관_소승자총통_011019.fbx
173	소승자총통 1	04_육군박물관_소승자총통_011020.fbx	Assets/HanokBuilder/Resources/HanokAssets/CultureMetaverse/Props/ObjectDirectFBX/173_소승자총통 1/04_육군박물관_소승자총통_011020.fbx	3153712	https://www.culture.go.kr/datametaverse/bbs/board.php?bo_table=object&wr_id=173&page=2	https://www.culture.go.kr/datametaverse/data/file/object/04_육군박물관_소승자총통_011020.fbx
172	세총통	03_육군박물관_세총통_011011.fbx	Assets/HanokBuilder/Resources/HanokAssets/CultureMetaverse/Props/ObjectDirectFBX/172_세총통/03_육군박물관_세총통_011011.fbx	3006624	https://www.culture.go.kr/datametaverse/bbs/board.php?bo_table=object&wr_id=172&page=2	https://www.culture.go.kr/datametaverse/data/file/object/03_육군박물관_세총통_011011.fbx
171	신제총통 2	02_육군박물관_신제총통_011005.fbx	Assets/HanokBuilder/Resources/HanokAssets/CultureMetaverse/Props/ObjectDirectFBX/171_신제총통 2/02_육군박물관_신제총통_011005.fbx	3415936	https://www.culture.go.kr/datametaverse/bbs/board.php?bo_table=object&wr_id=171&page=2	https://www.culture.go.kr/datametaverse/data/file/object/02_육군박물관_신제총통_011005.fbx
170	신제총통 1	01_육군박물관_신제총통_011004.fbx	Assets/HanokBuilder/Resources/HanokAssets/CultureMetaverse/Props/ObjectDirectFBX/170_신제총통 1/01_육군박물관_신제총통_011004.fbx	3010032	https://www.culture.go.kr/datametaverse/bbs/board.php?bo_table=object&wr_id=170&page=2	https://www.culture.go.kr/datametaverse/data/file/object/01_육군박물관_신제총통_011004.fbx
153	건고 1	1-1-Gun Drum.fbx	Assets/HanokBuilder/Resources/HanokAssets/CultureMetaverse/Props/ObjectDirectFBX/153_건고 1/1-1-Gun Drum.fbx	11065088	https://www.culture.go.kr/datametaverse/bbs/board.php?bo_table=object&wr_id=153&page=3	https://www.culture.go.kr/datametaverse/data/file/object/1-1-Gun Drum.fbx
152	검무복 모자	TraditionalHat.fbx	Assets/HanokBuilder/Resources/HanokAssets/CultureMetaverse/Props/ObjectDirectFBX/152_검무복 모자/TraditionalHat.fbx	46873520	https://www.culture.go.kr/datametaverse/bbs/board.php?bo_table=object&wr_id=152&page=3	https://www.culture.go.kr/datametaverse/data/file/object/TraditionalHat.fbx
146	창원의집 - 토시	Wristlet_01.FBX	Assets/HanokBuilder/Resources/HanokAssets/CultureMetaverse/Props/ObjectDirectFBX/146_창원의집 - 토시/Wristlet_01.FBX	54265794	https://www.culture.go.kr/datametaverse/bbs/board.php?bo_table=object&wr_id=146&page=3	https://www.culture.go.kr/datametaverse/data/file/object/Wristlet_01.FBX
145	창원의집 - 나막신 2	Woodenshoes_02.fbx	Assets/HanokBuilder/Resources/HanokAssets/CultureMetaverse/Props/ObjectDirectFBX/145_창원의집 - 나막신 2/Woodenshoes_02.fbx	49305779	https://www.culture.go.kr/datametaverse/bbs/board.php?bo_table=object&wr_id=145&page=3	https://www.culture.go.kr/datametaverse/data/file/object/Woodenshoes_02.fbx
144	창원의집 - 나막신 1	Woodenshoes_01.fbx	Assets/HanokBuilder/Resources/HanokAssets/CultureMetaverse/Props/ObjectDirectFBX/144_창원의집 - 나막신 1/Woodenshoes_01.fbx	44214064	https://www.culture.go.kr/datametaverse/bbs/board.php?bo_table=object&wr_id=144&page=3	https://www.culture.go.kr/datametaverse/data/file/object/Woodenshoes_01.fbx
143	창원의집 - 3단 찬합	Three_Tier_Box.FBX	Assets/HanokBuilder/Resources/HanokAssets/CultureMetaverse/Props/ObjectDirectFBX/143_창원의집 - 3단 찬합/Three_Tier_Box.FBX	43457881	https://www.culture.go.kr/datametaverse/bbs/board.php?bo_table=object&wr_id=143&page=3	https://www.culture.go.kr/datametaverse/data/file/object/Three_Tier_Box.FBX
142	창원의집 - 못줄대	Spin_Drill.FBX	Assets/HanokBuilder/Resources/HanokAssets/CultureMetaverse/Props/ObjectDirectFBX/142_창원의집 - 못줄대/Spin_Drill.FBX	42993470	https://www.culture.go.kr/datametaverse/bbs/board.php?bo_table=object&wr_id=142&page=3	https://www.culture.go.kr/datametaverse/data/file/object/Spin_Drill.FBX
141	창원의집 - 깎낫	Sickle.fbx	Assets/HanokBuilder/Resources/HanokAssets/CultureMetaverse/Props/ObjectDirectFBX/141_창원의집 - 깎낫/Sickle.fbx	53632017	https://www.culture.go.kr/datametaverse/bbs/board.php?bo_table=object&wr_id=141&page=3	https://www.culture.go.kr/datametaverse/data/file/object/Sickle.fbx
140	창원의집 - 거두	RipSaw_02.FBX	Assets/HanokBuilder/Resources/HanokAssets/CultureMetaverse/Props/ObjectDirectFBX/140_창원의집 - 거두/RipSaw_02.FBX	42115042	https://www.culture.go.kr/datametaverse/bbs/board.php?bo_table=object&wr_id=140&page=3	https://www.culture.go.kr/datametaverse/data/file/object/RipSaw_02.FBX
139	창원의집 - 받침대	Prop_10.FBX	Assets/HanokBuilder/Resources/HanokAssets/CultureMetaverse/Props/ObjectDirectFBX/139_창원의집 - 받침대/Prop_10.FBX	70486752	https://www.culture.go.kr/datametaverse/bbs/board.php?bo_table=object&wr_id=139&page=3	https://www.culture.go.kr/datametaverse/data/file/object/Prop_10.FBX
138	창원의집 - 매통	Props_10.fbx	Assets/HanokBuilder/Resources/HanokAssets/CultureMetaverse/Props/ObjectDirectFBX/138_창원의집 - 매통/Props_10.fbx	2677558	https://www.culture.go.kr/datametaverse/bbs/board.php?bo_table=object&wr_id=138&page=3	https://www.culture.go.kr/datametaverse/data/file/object/Props_10.fbx
137	창원의집 - 기름병	Porcelain_10.FBX	Assets/HanokBuilder/Resources/HanokAssets/CultureMetaverse/Props/ObjectDirectFBX/137_창원의집 - 기름병/Porcelain_10.FBX	41644128	https://www.culture.go.kr/datametaverse/bbs/board.php?bo_table=object&wr_id=137&page=3	https://www.culture.go.kr/datametaverse/data/file/object/Porcelain_10.FBX
136	창원의집 - 백자	Porcelain_09.fbx	Assets/HanokBuilder/Resources/HanokAssets/CultureMetaverse/Props/ObjectDirectFBX/136_창원의집 - 백자/Porcelain_09.fbx	5308665	https://www.culture.go.kr/datametaverse/bbs/board.php?bo_table=object&wr_id=136&page=3	https://www.culture.go.kr/datametaverse/data/file/object/Porcelain_09.fbx
135	창원의집 - 술병	Porcelain_08.fbx	Assets/HanokBuilder/Resources/HanokAssets/CultureMetaverse/Props/ObjectDirectFBX/135_창원의집 - 술병/Porcelain_08.fbx	4341668	https://www.culture.go.kr/datametaverse/bbs/board.php?bo_table=object&wr_id=135&page=3	https://www.culture.go.kr/datametaverse/data/file/object/Porcelain_08.fbx
134	창원의집 - 접시 2	Porcelain_07.fbx	Assets/HanokBuilder/Resources/HanokAssets/CultureMetaverse/Props/ObjectDirectFBX/134_창원의집 - 접시 2/Porcelain_07.fbx	26192361	https://www.culture.go.kr/datametaverse/bbs/board.php?bo_table=object&wr_id=134&page=3	https://www.culture.go.kr/datametaverse/data/file/object/Porcelain_07.fbx
133	창원의집 - 접시 1	Porcelain_06.fbx	Assets/HanokBuilder/Resources/HanokAssets/CultureMetaverse/Props/ObjectDirectFBX/133_창원의집 - 접시 1/Porcelain_06.fbx	15605585	https://www.culture.go.kr/datametaverse/bbs/board.php?bo_table=object&wr_id=133&page=3	https://www.culture.go.kr/datametaverse/data/file/object/Porcelain_06.fbx
132	창원의집 - 절구	Prorcelain_05.fbx	Assets/HanokBuilder/Resources/HanokAssets/CultureMetaverse/Props/ObjectDirectFBX/132_창원의집 - 절구/Prorcelain_05.fbx	78626972	https://www.culture.go.kr/datametaverse/bbs/board.php?bo_table=object&wr_id=132&page=3	https://www.culture.go.kr/datametaverse/data/file/object/Prorcelain_05.fbx
131	창원의집 - 단지 2	Porcelain_04.fbx	Assets/HanokBuilder/Resources/HanokAssets/CultureMetaverse/Props/ObjectDirectFBX/131_창원의집 - 단지 2/Porcelain_04.fbx	55032129	https://www.culture.go.kr/datametaverse/bbs/board.php?bo_table=object&wr_id=131&page=3	https://www.culture.go.kr/datametaverse/data/file/object/Porcelain_04.fbx
130	창원의집 - 연적	Porcelain_03.FBX	Assets/HanokBuilder/Resources/HanokAssets/CultureMetaverse/Props/ObjectDirectFBX/130_창원의집 - 연적/Porcelain_03.FBX	52732379	https://www.culture.go.kr/datametaverse/bbs/board.php?bo_table=object&wr_id=130&page=3	https://www.culture.go.kr/datametaverse/data/file/object/Porcelain_03.FBX
129	창원의집 - 주전자	Porcelain_02.fbx	Assets/HanokBuilder/Resources/HanokAssets/CultureMetaverse/Props/ObjectDirectFBX/129_창원의집 - 주전자/Porcelain_02.fbx	55746299	https://www.culture.go.kr/datametaverse/bbs/board.php?bo_table=object&wr_id=129&page=3	https://www.culture.go.kr/datametaverse/data/file/object/Porcelain_02.fbx
128	창원의집 - 단지 1	Porcelain.fbx	Assets/HanokBuilder/Resources/HanokAssets/CultureMetaverse/Props/ObjectDirectFBX/128_창원의집 - 단지 1/Porcelain.fbx	19300189	https://www.culture.go.kr/datametaverse/bbs/board.php?bo_table=object&wr_id=128&page=3	https://www.culture.go.kr/datametaverse/data/file/object/Porcelain.fbx
127	창원의집 - 평대패 4	Plane_04.FBX	Assets/HanokBuilder/Resources/HanokAssets/CultureMetaverse/Props/ObjectDirectFBX/127_창원의집 - 평대패 4/Plane_04.FBX	83387125	https://www.culture.go.kr/datametaverse/bbs/board.php?bo_table=object&wr_id=127&page=3	https://www.culture.go.kr/datametaverse/data/file/object/Plane_04.FBX
126	창원의집 - 평대패 3	Plane_03.FBX	Assets/HanokBuilder/Resources/HanokAssets/CultureMetaverse/Props/ObjectDirectFBX/126_창원의집 - 평대패 3/Plane_03.FBX	79004808	https://www.culture.go.kr/datametaverse/bbs/board.php?bo_table=object&wr_id=126&page=3	https://www.culture.go.kr/datametaverse/data/file/object/Plane_03.FBX
125	창원의집 - 평대패 2	Plane_02.FBX	Assets/HanokBuilder/Resources/HanokAssets/CultureMetaverse/Props/ObjectDirectFBX/125_창원의집 - 평대패 2/Plane_02.FBX	85491962	https://www.culture.go.kr/datametaverse/bbs/board.php?bo_table=object&wr_id=125&page=3	https://www.culture.go.kr/datametaverse/data/file/object/Plane_02.FBX
124	창원의집 - 평대패 1	Plane_01.FBX	Assets/HanokBuilder/Resources/HanokAssets/CultureMetaverse/Props/ObjectDirectFBX/124_창원의집 - 평대패 1/Plane_01.FBX	83368352	https://www.culture.go.kr/datametaverse/bbs/board.php?bo_table=object&wr_id=124&page=3	https://www.culture.go.kr/datametaverse/data/file/object/Plane_01.FBX
123	창원의집 - 연자매	Mill.fbx	Assets/HanokBuilder/Resources/HanokAssets/CultureMetaverse/Props/ObjectDirectFBX/123_창원의집 - 연자매/Mill.fbx	49075870	https://www.culture.go.kr/datametaverse/bbs/board.php?bo_table=object&wr_id=123&page=3	https://www.culture.go.kr/datametaverse/data/file/object/Mill.fbx
122	창원의집 - 창살	Lattice_Window.fbx	Assets/HanokBuilder/Resources/HanokAssets/CultureMetaverse/Props/ObjectDirectFBX/122_창원의집 - 창살/Lattice_Window.fbx	24040185	https://www.culture.go.kr/datametaverse/bbs/board.php?bo_table=object&wr_id=122&page=3	https://www.culture.go.kr/datametaverse/data/file/object/Lattice_Window.fbx
121	창원의집 - 걸쇠 2	Latch_02.fbx	Assets/HanokBuilder/Resources/HanokAssets/CultureMetaverse/Props/ObjectDirectFBX/121_창원의집 - 걸쇠 2/Latch_02.fbx	62357520	https://www.culture.go.kr/datametaverse/bbs/board.php?bo_table=object&wr_id=121&page=3	https://www.culture.go.kr/datametaverse/data/file/object/Latch_02.fbx
120	창원의집 - 걸쇠 1	Latch_01.fbx	Assets/HanokBuilder/Resources/HanokAssets/CultureMetaverse/Props/ObjectDirectFBX/120_창원의집 - 걸쇠 1/Latch_01.fbx	65690327	https://www.culture.go.kr/datametaverse/bbs/board.php?bo_table=object&wr_id=120&page=3	https://www.culture.go.kr/datametaverse/data/file/object/Latch_01.fbx
119	창원의집 - 주전자	Kettle.FBX	Assets/HanokBuilder/Resources/HanokAssets/CultureMetaverse/Props/ObjectDirectFBX/119_창원의집 - 주전자/Kettle.FBX	45519852	https://www.culture.go.kr/datametaverse/bbs/board.php?bo_table=object&wr_id=119&page=3	https://www.culture.go.kr/datametaverse/data/file/object/Kettle.FBX
118	창원의집 - 장독대	Jar.fbx	Assets/HanokBuilder/Resources/HanokAssets/CultureMetaverse/Props/ObjectDirectFBX/118_창원의집 - 장독대/Jar.fbx	46311178	https://www.culture.go.kr/datametaverse/bbs/board.php?bo_table=object&wr_id=118&page=3	https://www.culture.go.kr/datametaverse/data/file/object/Jar.fbx
117	창원의집 - 다리미	Iron.FBX	Assets/HanokBuilder/Resources/HanokAssets/CultureMetaverse/Props/ObjectDirectFBX/117_창원의집 - 다리미/Iron.FBX	47949671	https://www.culture.go.kr/datametaverse/bbs/board.php?bo_table=object&wr_id=117&page=3	https://www.culture.go.kr/datametaverse/data/file/object/Iron.FBX
116	창원의집 - 망치 3	Hammer_04.fbx	Assets/HanokBuilder/Resources/HanokAssets/CultureMetaverse/Props/ObjectDirectFBX/116_창원의집 - 망치 3/Hammer_04.fbx	65965535	https://www.culture.go.kr/datametaverse/bbs/board.php?bo_table=object&wr_id=116&page=3	https://www.culture.go.kr/datametaverse/data/file/object/Hammer_04.fbx
115	창원의집 - 망치 2	Hammer_03.fbx	Assets/HanokBuilder/Resources/HanokAssets/CultureMetaverse/Props/ObjectDirectFBX/115_창원의집 - 망치 2/Hammer_03.fbx	60719973	https://www.culture.go.kr/datametaverse/bbs/board.php?bo_table=object&wr_id=115&page=3	https://www.culture.go.kr/datametaverse/data/file/object/Hammer_03.fbx
114	창원의집 - 망치 1	Hammer_02.fbx	Assets/HanokBuilder/Resources/HanokAssets/CultureMetaverse/Props/ObjectDirectFBX/114_창원의집 - 망치 1/Hammer_02.fbx	46514813	https://www.culture.go.kr/datametaverse/bbs/board.php?bo_table=object&wr_id=114&page=3	https://www.culture.go.kr/datametaverse/data/file/object/Hammer_02.fbx
113	창원의집 - 곡괭이	Hammer_01.fbx	Assets/HanokBuilder/Resources/HanokAssets/CultureMetaverse/Props/ObjectDirectFBX/113_창원의집 - 곡괭이/Hammer_01.fbx	62746539	https://www.culture.go.kr/datametaverse/bbs/board.php?bo_table=object&wr_id=113&page=3	https://www.culture.go.kr/datametaverse/data/file/object/Hammer_01.fbx
112	창원의집 - 오리장식 2	Goose_02.fbx	Assets/HanokBuilder/Resources/HanokAssets/CultureMetaverse/Props/ObjectDirectFBX/112_창원의집 - 오리장식 2/Goose_02.fbx	35700883	https://www.culture.go.kr/datametaverse/bbs/board.php?bo_table=object&wr_id=112&page=3	https://www.culture.go.kr/datametaverse/data/file/object/Goose_02.fbx
111	창원의집 - 오리장식 1	Goose_01.fbx	Assets/HanokBuilder/Resources/HanokAssets/CultureMetaverse/Props/ObjectDirectFBX/111_창원의집 - 오리장식 1/Goose_01.fbx	28507292	https://www.culture.go.kr/datametaverse/bbs/board.php?bo_table=object&wr_id=111&page=4	https://www.culture.go.kr/datametaverse/data/file/object/Goose_01.fbx
110	창원의집 - 좌경	Dressing_Stand.fbx	Assets/HanokBuilder/Resources/HanokAssets/CultureMetaverse/Props/ObjectDirectFBX/110_창원의집 - 좌경/Dressing_Stand.fbx	46932424	https://www.culture.go.kr/datametaverse/bbs/board.php?bo_table=object&wr_id=110&page=4	https://www.culture.go.kr/datametaverse/data/file/object/Dressing_Stand.fbx
109	창원의집 - 수통	Cylinder.FBX	Assets/HanokBuilder/Resources/HanokAssets/CultureMetaverse/Props/ObjectDirectFBX/109_창원의집 - 수통/Cylinder.FBX	44698820	https://www.culture.go.kr/datametaverse/bbs/board.php?bo_table=object&wr_id=109&page=4	https://www.culture.go.kr/datametaverse/data/file/object/Cylinder.FBX
108	창원의집 - 궤	Cabinet_02.fbx	Assets/HanokBuilder/Resources/HanokAssets/CultureMetaverse/Props/ObjectDirectFBX/108_창원의집 - 궤/Cabinet_02.fbx	41481900	https://www.culture.go.kr/datametaverse/bbs/board.php?bo_table=object&wr_id=108&page=4	https://www.culture.go.kr/datametaverse/data/file/object/Cabinet_02.fbx
107	창원의집 - 함 3	Box_03.FBX	Assets/HanokBuilder/Resources/HanokAssets/CultureMetaverse/Props/ObjectDirectFBX/107_창원의집 - 함 3/Box_03.FBX	52085681	https://www.culture.go.kr/datametaverse/bbs/board.php?bo_table=object&wr_id=107&page=4	https://www.culture.go.kr/datametaverse/data/file/object/Box_03.FBX
106	창원의집 - 함 2	Box_02.FBX	Assets/HanokBuilder/Resources/HanokAssets/CultureMetaverse/Props/ObjectDirectFBX/106_창원의집 - 함 2/Box_02.FBX	74576238	https://www.culture.go.kr/datametaverse/bbs/board.php?bo_table=object&wr_id=106&page=4	https://www.culture.go.kr/datametaverse/data/file/object/Box_02.FBX
105	창원의집 - 함 1	Box_01.fbx	Assets/HanokBuilder/Resources/HanokAssets/CultureMetaverse/Props/ObjectDirectFBX/105_창원의집 - 함 1/Box_01.fbx	60032923	https://www.culture.go.kr/datametaverse/bbs/board.php?bo_table=object&wr_id=105&page=4	https://www.culture.go.kr/datametaverse/data/file/object/Box_01.fbx
104	창원의집 - 괭이 3	Adze_03.fbx	Assets/HanokBuilder/Resources/HanokAssets/CultureMetaverse/Props/ObjectDirectFBX/104_창원의집 - 괭이 3/Adze_03.fbx	44364634	https://www.culture.go.kr/datametaverse/bbs/board.php?bo_table=object&wr_id=104&page=4	https://www.culture.go.kr/datametaverse/data/file/object/Adze_03.fbx
103	창원의집 - 괭이 2	Adze_02.fbx	Assets/HanokBuilder/Resources/HanokAssets/CultureMetaverse/Props/ObjectDirectFBX/103_창원의집 - 괭이 2/Adze_02.fbx	48468656	https://www.culture.go.kr/datametaverse/bbs/board.php?bo_table=object&wr_id=103&page=4	https://www.culture.go.kr/datametaverse/data/file/object/Adze_02.fbx
102	창원의집 - 괭이 1	Adze_01.fbx	Assets/HanokBuilder/Resources/HanokAssets/CultureMetaverse/Props/ObjectDirectFBX/102_창원의집 - 괭이 1/Adze_01.fbx	57675348	https://www.culture.go.kr/datametaverse/bbs/board.php?bo_table=object&wr_id=102&page=4	https://www.culture.go.kr/datametaverse/data/file/object/Adze_01.fbx
